#{"t_start": 1736418931.455324, "env_id": "CustomHopper-target-v0"}
r,l,t
23.877717,35,0.552523
7.724429,13,0.562123
17.0101,17,0.574362
21.466035,20,0.588714
15.678718,23,0.605438
12.142204,12,0.614139
13.324195,19,0.627788
15.160667,16,0.639135
14.194688,15,0.649641
13.9939,14,0.659456
5.808067,23,0.675613
9.249288,18,0.688156
6.488353,11,0.695843
12.773083,22,0.71096
10.820456,12,0.719096
10.475016,14,0.728517
7.067521,10,0.735325
104.812552,61,0.775888
19.655302,30,0.795749
25.347207,36,0.819117
8.363078,15,0.828808
10.799915,14,0.83769
5.654172,10,0.844083
17.108405,20,0.856896
9.056674,37,0.880632
10.744261,12,0.888314
13.32425,16,0.898541
8.38753,13,0.906868
4.608085,7,0.911337
18.079387,31,0.931173
12.893639,14,0.940151
87.853336,50,0.971807
8.141618,13,0.980082
59.526023,42,1.006771
9.48972,13,1.01508
10.572619,13,1.023409
15.624383,17,1.034207
5.313224,8,1.039285
9.174339,15,1.048856
23.393038,31,1.068603
9.625431,15,1.078156
13.274914,17,1.088971
8.08942,23,1.103554
16.90463,24,1.119073
16.277832,18,1.130511
21.870253,26,1.147246
19.628228,20,1.16
12.192193,20,1.172772
30.335964,36,1.195826
3.964942,27,1.213063
11.164968,14,1.222056
6.496745,13,1.230364
17.304957,24,1.245705
9.987876,15,1.255158
19.584686,27,1.272388
7.598544,11,1.279437
8.362905,14,1.288293
11.466666,16,1.298427
6.293534,11,1.305416
33.503951,40,1.330921
32.670941,30,1.350041
38.387156,59,1.38756
11.832436,13,1.395882
12.503258,17,1.406722
29.850632,44,1.434781
10.04801,13,1.442915
6.218535,11,1.449896
8.358891,19,1.462011
7.0743,11,1.469004
7.399582,23,1.483698
10.291489,14,1.492561
16.659867,17,1.503355
10.134582,14,1.512117
8.674346,11,1.519003
13.048033,33,1.540116
9.459364,12,1.547805
9.235111,13,1.556059
9.326543,25,1.571977
7.70655,15,1.581544
30.984364,28,1.599347
9.022869,30,1.618399
11.534268,21,1.631831
10.515238,13,1.640045
11.320608,13,1.64835
5.536628,11,1.655375
6.603414,9,1.661156
7.156137,10,1.667593
9.851622,14,1.676512
22.991218,24,1.691766
8.822123,11,1.698745
7.742528,10,1.705038
10.017707,22,1.718979
9.127073,11,1.725921
7.334759,18,1.737426
8.931995,13,1.745763
9.224572,12,1.753335
13.055797,19,1.765474
15.981285,16,1.775625
8.910807,14,1.784564
4.93866,10,1.790892
5.542428,9,1.796598
9.10936,29,1.815041
18.337595,34,1.836694
4.30929,12,1.844333
11.431186,13,1.85261
19.460205,19,2.80349
53.141458,32,2.826483
19.811648,17,2.838539
8.885364,12,2.846946
26.158766,24,2.863951
31.777352,27,2.883065
64.972877,44,2.914232
11.50553,19,2.927768
15.783631,19,2.941323
16.220764,17,2.953449
23.212395,20,2.967734
8.497911,11,2.975426
60.198364,50,3.010603
8.130858,15,3.021237
5.272592,8,3.026911
41.145956,33,3.050202
6.67613,9,3.056535
8.838807,15,3.06722
52.465445,53,3.104706
37.712153,46,3.137422
14.720958,18,3.150303
5.95506,14,3.160325
11.638825,14,3.170237
34.652679,41,3.199376
15.389634,26,3.217884
8.944241,13,3.227135
19.138286,16,3.238566
9.656904,25,3.25626
14.992736,21,3.271336
7.870296,22,3.287027
18.061012,18,3.300077
21.160743,24,3.319162
12.041148,14,3.329829
18.759346,19,3.344233
62.129423,43,3.376122
12.560593,13,3.385907
7.945348,13,3.39568
19.744965,20,3.410754
21.443343,21,3.426482
18.476908,30,3.44908
20.599189,21,3.465417
25.369127,29,3.488149
7.621673,10,3.496005
63.154044,43,3.529416
34.485767,35,3.556682
9.782224,13,3.566824
12.759713,22,3.583992
67.156793,50,3.622797
17.470136,18,3.636889
28.503061,28,3.658781
65.667286,52,3.699308
16.624327,18,3.71331
27.278167,42,3.746088
26.541724,28,3.767892
56.163405,45,3.802868
80.202195,53,3.843923
52.01413,40,3.875021
141.277922,87,3.942058
94.68747,80,4.003916
11.929606,19,4.018642
26.072881,31,4.042824
82.738231,48,4.080089
25.316987,24,4.09873
22.383666,35,4.126025
56.903293,38,4.155392
13.78121,16,4.167866
14.601052,32,4.192637
12.549704,16,4.204874
9.420779,13,4.214722
15.89798,17,4.226971
59.029094,54,4.265049
47.860354,37,4.28985
9.787716,12,4.297765
10.6472,17,4.309084
83.729716,86,5.114584
13.708919,15,5.125396
71.251437,49,5.159905
103.072289,63,5.204371
14.58528,25,5.222322
13.187637,32,5.244902
159.143697,85,5.30494
81.308835,46,5.343502
19.799148,26,5.361758
63.715866,46,5.393589
22.288422,20,5.40739
127.962896,69,5.454364
88.2287,63,5.496235
22.616475,19,5.50895
15.652355,18,5.520878
17.889953,21,5.534676
140.47031,80,5.585939
12.066929,22,5.600056
94.846641,65,5.641287
97.415985,85,5.695134
65.767207,41,5.72107
10.622158,14,5.729922
34.591619,37,5.753322
10.104983,18,5.764756
6.703452,8,5.769855
74.19976,61,5.808655
70.777246,54,5.842863
22.67879,21,5.856245
25.729477,24,5.871531
10.255271,21,5.884759
114.602966,61,5.923404
62.037264,41,5.949467
80.849018,50,5.980945
8.358859,15,5.990499
104.184162,67,6.03312
9.228969,11,6.040219
15.914073,24,6.055577
9.996242,13,6.063816
7.21173,9,6.069445
56.276272,34,6.091074
18.92707,17,6.101848
78.286236,48,6.132289
41.518118,42,6.158974
111.669336,65,6.19996
69.761122,43,6.227187
82.998805,49,6.25826
35.984711,43,6.285621
43.841857,41,6.31153
9.332404,12,6.319322
24.084722,21,6.332773
74.943825,50,6.364325
196.823609,94,7.179268
27.679871,25,7.197297
109.484134,60,7.240063
75.197521,45,7.272157
188.528003,97,7.341391
131.568074,69,7.390479
110.494136,67,7.438185
20.848711,20,7.452477
49.221668,37,7.478933
19.728651,19,7.492594
91.851541,53,7.530102
93.561462,62,7.574602
86.850415,52,7.611311
70.627104,45,7.643283
73.933798,55,7.682749
20.152816,23,7.699176
77.004556,56,7.739102
49.927167,45,7.771362
55.403316,33,7.795125
112.336709,60,7.83754
92.751419,53,7.875329
75.614368,53,7.913423
11.724409,14,7.923401
160.428238,78,7.981266
9.815136,15,7.992317
51.139373,35,8.018363
11.412348,18,8.031796
17.002833,21,8.047441
9.832549,13,8.057111
80.650748,71,8.109967
29.374385,38,8.138399
9.454902,12,8.147261
25.621439,24,8.165086
70.691608,42,8.196473
80.559818,47,8.231293
23.667294,21,8.246975
4.882423,11,8.255233
82.446708,53,8.294172
26.762418,25,8.312767
74.191996,48,8.347204
73.885642,47,8.380797
73.865784,44,8.41192
78.660829,46,8.44473
29.37429,33,8.468281
69.098899,41,8.497536
94.96813,68,8.546361
32.844639,40,8.574991
21.791509,24,8.592277
12.744651,16,8.603602
128.39056,70,9.430865
23.27152,22,9.446619
146.720589,82,9.504422
168.752512,88,9.566362
59.969962,36,9.592025
42.074341,36,9.617636
76.677015,50,9.653088
68.474144,41,9.682356
163.598315,78,9.737612
70.644938,43,9.768239
68.699563,43,9.798754
93.927254,63,9.843601
53.825765,69,9.892319
17.563997,18,9.904969
47.527564,28,9.924849
110.645617,96,9.992683
135.578414,71,10.043019
61.403562,46,10.07562
150.03477,87,10.137495
105.861043,65,10.184533
93.438971,60,10.229
8.228304,10,10.23645
126.630089,65,10.284384
77.270257,45,10.317737
50.713819,36,10.344072
65.604091,40,10.373632
70.590936,42,10.404735
94.727051,52,10.442909
139.205521,71,10.493049
72.714772,43,10.523716
141.102599,82,10.581871
60.807287,37,10.60821
97.919484,66,10.655074
66.006201,40,10.683415
66.570313,40,10.711794
215.264972,142,10.812351
222.955591,114,11.664893
174.235864,87,11.726385
158.118494,79,11.782226
211.334624,106,11.857106
173.98563,83,11.915586
91.613688,56,11.955161
78.495769,50,11.990748
142.065963,71,12.040885
109.345745,61,12.083919
58.319822,34,12.107872
73.699924,44,12.139059
85.957711,49,12.173432
41.913237,39,12.200782
81.864983,54,12.237902
140.978425,72,12.28634
234.057175,116,12.361615
267.214373,139,12.449707
72.099794,42,12.476151
225.496039,108,12.544049
76.377128,45,12.572341
85.62257,50,12.603695
171.833768,83,12.656227
67.06583,40,12.681494
212.308287,94,12.740484
105.621951,57,12.776141
147.170538,74,12.822669
212.332705,108,12.890504
96.324368,55,12.924936
149.377215,75,12.972152
60.974459,36,12.994954
85.945257,51,13.807134
83.16409,48,13.841611
145.117879,81,13.899095
117.537726,63,13.943779
75.144275,56,13.983876
181.15498,89,14.047463
238.942438,126,14.137212
172.290094,87,14.198869
52.049078,32,14.221611
207.722618,101,14.292942
161.235974,80,14.350036
103.121373,65,14.396294
131.236792,67,14.443666
94.96821,55,14.48263
112.603823,67,14.53077
79.556003,46,14.564481
92.276116,55,14.603782
73.078965,50,14.639495
233.72254,109,14.716488
183.265742,88,14.778833
82.287864,48,14.812676
66.94175,40,14.84088
204.01554,106,14.915818
116.39848,63,14.960133
232.658074,118,15.043811
102.167555,54,15.081877
112.214451,61,15.124853
229.112481,115,15.20623
101.66018,58,16.018474
160.821724,81,16.075728
72.663559,43,16.106239
104.916259,58,16.147401
148.992713,90,16.211211
66.00226,38,16.23797
236.644912,106,16.312921
228.410909,114,16.393374
232.379897,111,16.471595
112.472912,60,16.513679
154.060019,95,16.580856
86.74494,62,16.624972
61.056519,40,16.653469
74.003597,43,16.684221
79.36593,46,16.71681
197.929513,98,16.786445
90.845472,52,16.822528
190.454214,102,16.89181
128.252557,67,16.936354
144.827787,74,16.984674
247.406361,112,17.055378
209.880871,105,17.122534
179.834841,89,17.178594
231.954136,124,17.257007
59.994671,40,17.282146
225.280449,106,17.349019
225.463886,100,18.122083
219.954061,104,18.1904
231.029821,110,18.26142
227.231318,103,18.327474
62.132156,37,18.351068
240.363252,132,18.434454
59.031118,35,18.456734
65.217535,39,18.481302
106.567455,62,18.52042
134.135942,72,18.565671
234.275277,111,18.635087
110.462485,60,18.672664
73.966418,46,18.701715
64.128455,39,18.726339
65.301312,39,18.751004
192.041578,102,18.815609
142.834304,76,18.863146
209.952309,118,18.937632
165.381484,91,18.995494
212.598724,102,19.059597
218.456216,118,19.134159
177.422557,101,19.197819
231.90519,121,19.274101
129.202674,70,19.318159
161.474181,84,19.371024
195.376,98,20.207788
221.106714,111,20.286449
243.57091,127,20.377618
237.792139,113,20.455567
143.400407,74,20.505583
223.04566,113,20.579519
36.012702,27,20.596964
125.961484,72,20.642543
231.260775,117,20.716172
89.948821,58,20.752835
237.727801,122,20.829966
77.480831,46,20.858943
193.848905,96,20.919207
55.649584,43,20.946314
74.566588,44,20.974234
217.669643,104,21.039598
204.352583,93,21.098033
211.201216,112,21.168606
179.193549,98,21.23001
198.665801,106,21.296845
164.351532,90,21.353951
216.635546,125,21.432758
77.866344,45,21.461107
235.102545,118,22.217697
211.709829,102,22.282286
205.881839,95,22.34184
249.008505,127,22.42259
218.002589,108,22.490993
117.846138,65,22.53156
225.80569,110,22.601114
203.101526,94,22.660575
246.422583,130,22.742489
110.314675,63,22.782478
179.974998,94,22.842072
227.134267,116,22.915308
29.210091,22,22.929306
236.248826,111,22.999349
219.914433,114,23.071283
117.749776,68,23.113952
235.3996,108,23.181602
160.301102,84,23.234207
222.13073,109,23.303111
215.03612,101,23.367075
227.723803,120,23.442961
233.516851,111,24.210577
240.347436,124,24.288469
217.071899,98,24.349884
222.104327,97,24.410785
234.737607,111,24.480915
217.769441,107,24.548335
223.15871,105,24.61415
225.04332,110,24.683766
208.575298,96,24.743854
244.579877,111,24.813709
128.457415,70,24.857589
227.039439,108,24.925637
244.33283,126,25.005107
216.90205,112,25.076131
243.281411,112,25.146481
235.046119,109,25.214905
230.974193,107,25.282521
214.74123,102,25.346667
226.493549,115,25.418919
234.593383,111,26.195126
209.159831,97,26.256402
239.88338,113,26.327827
245.456116,109,26.396723
211.4172,110,26.465754
220.503728,102,26.530343
218.333378,110,26.599214
235.552992,115,26.671455
267.020871,114,26.743426
168.549737,87,26.798321
231.261489,111,26.868474
260.68335,139,26.956521
77.535343,45,26.984743
204.305766,102,27.048947
204.992881,94,27.108001
247.250453,125,27.186475
212.043426,103,27.251392
256.701168,135,27.336699
206.389804,98,27.398445
222.632934,109,27.466853
232.179284,105,28.241851
213.514442,97,28.303024
218.280924,104,28.368479
198.448059,95,28.428164
211.952541,101,28.491669
250.119997,109,28.560752
98.297841,55,28.595222
229.135173,112,28.665022
217.579268,109,28.733054
100.791852,58,28.769461
222.464715,108,28.837147
216.175729,110,28.905774
212.100167,110,28.974893
174.776349,90,29.031818
255.322563,133,29.115157
148.668109,77,29.164038
209.277225,99,29.226293
228.773346,109,29.294921
234.610865,119,29.369416
236.543822,106,29.436102
235.142792,111,30.215167
233.233614,106,30.283171
237.014939,128,30.363737
235.165287,118,30.437884
272.57863,114,30.509969
231.889875,116,30.583352
219.996432,107,30.650789
208.527033,108,30.718555
204.829779,99,30.78109
209.643728,100,30.843871
127.431974,74,30.890866
248.838225,116,30.964263
259.518469,111,31.034299
287.414989,130,31.115759
244.686326,108,31.183842
140.521993,76,31.232116
220.345681,108,31.300431
217.01072,103,31.365469
225.617429,109,31.434728
218.27446,110,32.213053
245.773613,116,32.28686
223.468112,110,32.356169
119.608821,76,32.403739
213.166401,110,32.472884
146.998993,89,32.52871
212.877807,109,32.597139
243.725777,116,32.670426
231.229582,107,32.737936
243.932207,119,32.813147
148.097528,82,32.864449
231.890395,109,32.933498
220.126929,107,33.001145
219.097383,103,33.065585
227.205016,109,33.134566
250.700009,110,33.20383
257.502604,122,33.280598
231.543898,108,33.351838
100.690044,61,33.392108
210.08621,99,33.457686
194.201819,100,34.252641
229.295887,112,34.323106
240.465923,117,34.396881
160.632904,80,34.447378
222.250455,108,34.515409
297.746466,129,34.596171
212.157066,107,34.663324
216.402952,102,34.727632
277.790078,126,34.806475
211.548624,100,34.869295
243.123604,113,34.940144
256.828727,119,35.015018
218.856142,101,35.078768
225.035501,103,35.143734
223.253298,102,35.208041
276.706688,122,35.284134
252.829869,113,35.355062
236.289466,111,35.424931
248.324059,108,35.492383
381.320604,161,36.286503
224.413206,103,36.351652
216.864047,109,36.420015
249.817576,118,36.494324
287.86609,125,36.572861
254.003885,110,36.642058
269.891603,118,36.715934
219.950576,111,36.785829
267.452635,120,36.8612
255.638844,120,36.936759
217.421442,99,36.998864
236.870717,107,37.06604
270.683348,114,37.137631
342.450721,153,37.233728
280.8003,116,37.306277
243.323702,108,37.374169
260.978546,138,37.460636
102.737959,62,38.192922
301.290714,126,38.271956
325.81302,138,38.359337
318.559139,140,38.447435
326.555958,142,38.536084
270.081387,131,38.618249
284.009022,119,38.692561
281.633952,118,38.766773
260.042721,124,38.844552
287.383786,124,38.92216
308.48957,131,39.004592
275.726486,129,39.08536
346.896964,139,39.172458
281.297222,125,39.25077
323.497228,135,39.335224
269.371717,117,39.408824
66.627617,40,39.43392
277.034757,133,40.214797
307.598073,127,40.294667
74.17734,44,40.322295
387.202875,161,40.423722
302.412774,139,40.510887
252.380494,118,40.585311
164.303715,79,40.634843
345.636479,145,40.727745
265.913487,110,40.800049
237.5627,100,40.865966
301.926892,130,40.951677
305.151107,130,41.03781
313.246297,127,41.121764
339.530746,136,41.211836
201.230952,94,41.274106
275.833944,149,41.37313
265.221436,128,41.457448
372.097001,165,42.283759
370.303124,145,42.379463
326.436351,141,42.472718
302.226145,126,42.555813
328.13087,134,42.644473
340.00609,150,42.744045
275.51992,114,42.819392
324.223652,132,42.906504
324.693569,131,42.992978
325.680323,156,43.096326
301.133397,130,43.182053
327.926131,154,43.283519
347.599602,136,43.373948
391.975496,169,43.485649
468.851515,196,44.324358
358.09893,145,44.419254
283.510019,131,44.501255
347.868823,142,44.594798
181.836884,97,44.658744
318.043983,133,44.746299
313.41345,143,44.840636
213.332568,105,44.910137
327.589595,125,44.992235
328.653976,144,45.087738
219.775459,105,45.157304
215.402603,114,45.232371
116.685027,68,45.277204
393.54388,151,45.37709
316.170588,126,45.459973
286.841593,127,45.543493
321.065182,147,46.343074
342.393081,147,46.435739
359.477052,142,46.524791
404.321695,175,46.634385
319.147529,129,46.716148
324.060987,134,46.811235
353.35824,144,46.913385
337.291243,142,47.013559
324.522132,133,47.107901
352.170004,142,47.208155
293.968389,122,47.294026
343.763093,143,47.396139
331.3157,147,47.499954
321.871764,146,47.603376
350.977496,151,48.480397
378.499639,153,48.588027
354.688376,133,48.681737
304.958078,134,48.776491
478.510831,195,48.913705
324.691696,151,49.019973
382.045751,158,49.13156
366.960274,144,49.233416
330.686706,141,49.336742
333.995487,148,49.444967
196.332503,89,49.509047
366.243646,142,49.6091
439.634014,166,49.725777
198.306343,101,49.796899
353.38295,152,49.904473
353.396718,142,50.775838
333.880901,130,50.867018
317.022608,131,50.958604
356.058284,134,51.052622
358.914291,147,51.156267
344.540204,131,51.247832
351.715653,142,51.344607
323.162659,145,51.43932
375.261669,136,51.524811
379.804312,148,51.617497
353.500745,146,51.709039
337.412217,141,51.802482
345.109584,138,51.899251
366.985418,149,51.997863
370.494431,146,52.830072
224.346738,97,52.898216
563.015227,200,53.038168
334.313866,135,53.133041
325.325223,138,53.228803
379.923091,149,53.330723
495.290665,176,53.448909
327.83076,135,53.537505
349.594533,150,53.63642
362.825371,133,53.723952
313.282223,140,53.816046
351.956299,143,53.910428
390.285995,152,54.011201
345.242517,146,54.107156
359.534139,138,54.957458
327.442753,126,55.045921
334.873838,127,55.134781
394.313945,150,55.239938
336.043516,139,55.337637
535.017114,179,55.462342
166.455814,83,55.520849
380.688078,161,55.634077
347.434424,136,55.730597
250.909853,112,55.812484
398.374651,143,55.916685
360.378033,133,56.014043
547.28474,200,56.159969
247.713985,112,56.239092
376.38504,139,56.336642
377.019343,150,57.214637
391.909722,155,57.321258
436.289589,159,57.425847
585.449623,199,57.551264
361.389236,134,57.634871
539.171836,198,57.75885
549.496026,188,57.875514
618.044486,217,58.010782
308.213147,129,58.091046
406.759785,150,58.18469
579.675326,200,58.31031
383.85159,144,58.406096
379.010611,145,59.209974
598.125368,215,59.353545
359.63991,141,59.447521
366.764074,145,59.544674
376.980395,143,59.640258
358.179773,139,59.733026
359.940372,137,59.824203
352.8308,140,59.917465
411.093001,160,60.020873
569.486703,196,60.143905
312.789956,133,60.232692
400.136612,143,60.327895
633.00221,216,60.471839
481.733678,178,61.297777
407.91932,157,61.402303
550.068377,187,61.526854
380.947487,140,61.620211
377.814633,132,61.708155
508.563567,176,61.825275
620.298557,213,61.967506
375.982898,143,62.062875
356.411658,133,62.152286
462.238911,170,62.265498
359.924325,149,62.365171
372.113689,153,62.467423
127.334531,71,62.514477
337.371266,140,62.607685
617.068619,208,63.453193
306.510618,132,63.541418
370.422693,134,63.630879
524.184692,182,63.752519
339.245886,135,63.842759
337.566923,143,63.938434
369.752273,147,64.036458
371.623153,137,64.127737
623.366208,204,64.263588
412.365031,156,64.367615
535.795079,190,64.491555
297.998951,136,64.577242
613.870447,215,65.449134
207.052757,94,65.515201
378.655966,135,65.609798
199.779925,90,65.673197
318.967511,134,65.766581
191.871857,87,65.827912
354.834233,132,65.920484
527.732955,193,66.055518
532.028827,193,66.190311
559.021205,194,66.326642
376.255619,134,66.42031
384.815249,136,66.515564
268.521782,116,66.596996
540.411832,204,66.739846
611.141651,207,67.656373
523.368196,191,67.789989
351.712166,133,67.883352
674.317684,241,68.05171
628.663805,222,68.207023
502.960452,191,68.339757
518.444961,176,68.458525
564.22014,199,68.590052
348.220745,141,68.682881
396.818848,141,68.775403
399.060537,152,68.875981
363.41185,139,68.967924
649.243419,218,69.835226
669.084683,223,69.982077
407.15475,148,70.079685
485.301871,190,70.204673
152.503427,83,70.25932
771.072833,270,70.434541
635.241923,210,70.565634
398.873274,146,70.656466
168.082418,89,70.711925
418.173584,160,70.81214
612.494078,213,70.945618
357.18691,151,71.040144
731.950674,272,71.915904
798.978568,279,72.090097
530.584932,178,72.201066
613.489201,213,72.333622
516.41246,175,72.442488
326.675415,131,72.523891
418.12962,142,72.612714
453.771761,181,72.725744
306.287321,131,72.807103
417.485243,157,72.905584
537.024488,183,73.019478
388.449937,144,73.800429
375.514795,139,73.887372
412.345289,142,73.976121
454.738647,150,74.069448
379.662518,144,74.159325
1239.779902,451,74.439831
753.57338,273,74.610334
617.820606,199,74.734329
183.526587,86,74.787928
830.119331,289,74.96751
457.484343,168,75.753902
281.611699,131,75.836024
665.742094,230,75.979328
530.678967,187,76.095846
802.000738,288,76.275231
580.60213,200,76.399924
360.983009,138,76.485885
643.944938,210,76.616791
549.706554,198,76.740567
390.744904,145,76.830962
572.52109,195,76.952591
613.409335,192,77.753427
505.70593,161,77.854117
624.408308,207,77.983036
710.489572,240,78.132592
719.963146,284,78.310425
480.096694,164,78.41251
569.288944,185,78.527947
315.531635,137,78.61327
659.969352,225,78.753405
637.073205,204,78.880523
418.33657,158,79.670886
616.716934,210,79.801245
587.109064,194,79.922188
517.424617,172,80.029517
610.360434,196,80.151891
527.130814,200,80.276498
584.308203,199,80.400691
604.83979,199,80.524821
649.037773,203,80.651417
782.952498,265,80.816891
679.814211,228,81.662584
789.109844,262,81.825502
592.018223,193,81.945482
592.353873,200,82.070311
761.88047,286,82.248454
422.762738,146,82.338889
816.284622,259,82.500184
637.877372,220,82.636411
874.630037,304,82.825157
194.441633,88,83.587637
1259.873438,417,83.860254
320.372654,132,83.947334
331.432183,136,84.036894
597.22116,207,84.173254
309.512367,134,84.26169
520.73108,181,84.381058
624.549125,207,84.517205
675.572286,228,84.666809
631.64864,220,84.803931
326.630699,137,84.891314
357.105085,138,85.70715
951.983416,334,85.922553
429.892793,166,86.026667
623.263176,208,86.155959
703.027784,220,86.293241
581.831856,199,86.419785
341.815823,135,86.508727
652.745098,252,86.67438
329.265973,129,86.759361
431.241471,164,86.86733
395.291359,137,87.663129
240.563225,105,87.730088
843.119188,267,87.896842
702.774609,259,88.058156
939.789223,312,88.252666
542.927522,184,88.371076
835.572693,275,88.542499
198.024572,96,88.603243
766.456521,239,88.752309
902.725525,279,88.926183
799.378428,256,89.823828
733.929774,224,89.970722
786.654126,251,90.136001
371.182014,141,90.226037
573.57739,179,90.337668
850.867374,267,90.504046
676.187113,222,90.64255
564.081935,185,90.757832
718.613,238,90.906594
233.562412,116,91.684369
588.816702,206,91.814172
672.911425,221,91.952953
634.599894,218,92.088679
628.423197,206,92.217421
535.704872,170,92.323586
1113.409857,408,92.578834
520.39222,166,92.682258
221.890514,101,92.745407
945.621158,303,92.934189
698.49697,227,93.785034
762.674022,252,93.942357
578.740031,199,94.066393
565.36966,189,94.184084
524.934475,208,94.314453
664.456873,207,94.443522
629.712866,229,94.587077
351.710216,125,94.665164
814.182501,281,94.840177
722.559725,226,95.68932
242.22907,101,95.753163
533.359819,171,95.859978
510.132284,163,95.961355
1201.845032,420,96.223327
989.408883,320,96.422244
577.45998,201,96.547824
572.077915,208,96.677502
543.716764,192,96.797236
563.782776,195,96.919201
635.935793,201,97.754343
683.680255,222,97.892531
245.076184,106,97.95883
762.109261,250,98.114813
944.112222,312,98.309505
867.192476,293,98.493452
621.480086,212,98.625406
827.673031,276,98.797456
425.688234,168,98.902787
808.742842,244,99.78712
849.183016,286,99.968544
854.162064,282,100.144081
430.380052,163,100.245944
687.340398,221,100.384078
647.604951,229,100.527618
620.153623,205,100.656154
798.595716,263,100.82015
326.162085,138,100.906541
644.990005,225,101.75626
660.314603,222,101.894707
353.211112,154,101.991595
822.025079,268,102.158883
635.529453,207,102.287635
840.725848,274,102.458248
684.909432,224,102.597896
540.619968,195,102.719682
230.605711,114,102.790885
550.132922,190,102.909443
572.120746,203,103.796119
642.540045,205,103.939773
565.107787,206,104.084139
557.146531,211,104.232446
765.765229,266,104.419214
594.399665,206,104.569251
602.188665,213,104.719073
789.635237,244,104.890054
815.616908,262,105.073658
265.249647,125,105.93416
843.616873,264,106.119165
695.711041,247,106.292581
843.869864,287,106.490633
589.507213,196,106.617348
688.903323,229,106.760737
622.843644,217,106.896194
326.193071,134,106.980324
786.171514,246,107.133927
780.067255,250,107.997705
153.700033,85,108.051575
766.44404,245,108.204681
761.048726,274,108.381512
821.991215,253,108.540326
826.24993,257,108.701372
699.451685,235,108.850726
786.653889,254,109.009859
680.2643,236,109.157601
356.843449,148,109.960137
749.483822,256,110.12217
289.594912,130,110.204178
648.242444,196,110.327296
637.477878,207,110.461432
764.742225,238,110.610441
849.562767,259,110.773596
578.922183,175,110.883529
256.110546,119,110.958628
940.25716,309,111.15245
263.94387,109,111.220919
485.336082,184,112.045952
813.406536,278,112.220447
762.981494,242,112.372271
721.173409,215,112.506943
699.311274,234,112.653931
772.482188,244,112.807202
774.755334,247,112.962466
670.629059,227,113.105058
153.683293,75,113.152354
508.909807,165,113.945031
1007.915148,313,114.140046
603.791446,196,114.262705
709.896198,262,114.426202
402.620332,156,114.524068
808.188077,249,114.679536
769.783422,235,114.826191
258.817331,108,114.893876
238.429952,113,114.964496
564.163035,175,115.073658
541.689842,175,115.182792
715.208414,235,116.097082
379.56861,136,116.187599
106.787385,63,116.228723
550.351664,172,116.337746
592.646778,184,116.452928
645.609333,213,116.585987
458.35657,160,116.686149
777.513551,241,116.837028
1011.479732,335,117.0465
281.377912,124,117.124447
233.677804,112,117.194779
753.763408,229,118.045626
783.761944,246,118.199162
798.645689,255,118.359478
721.264663,232,118.504545
623.680548,204,118.631922
464.010276,151,118.726354
524.10572,167,118.830856
397.956574,145,118.921507
812.85568,258,119.082523
788.688176,251,119.239293
628.171022,194,120.069513
99.152851,58,120.106009
769.066026,270,120.27514
746.089999,262,120.439035
662.934795,208,120.568952
894.472918,293,120.751892
465.116481,163,120.853962
976.493779,301,121.041823
825.351312,260,121.205078
534.272573,169,122.020714
823.334632,261,122.184642
636.353153,198,122.308858
652.636951,219,122.446408
806.250206,245,122.599901
413.48541,163,122.702146
861.498072,282,122.878813
604.415416,203,123.006209
1036.792287,343,123.220483
615.138858,191,124.13593
780.018592,244,124.306931
751.405163,251,124.482704
511.025083,188,124.614122
549.732566,171,124.733631
815.13921,269,124.921463
770.826503,235,125.085542
918.57491,311,125.302442
502.862059,180,125.428614
533.538076,195,126.339298
820.719365,277,126.533602
789.567188,246,126.70609
199.761082,93,126.771095
784.386979,240,126.928452
574.711442,174,127.03797
824.007446,245,127.19125
481.240495,156,127.288663
773.707761,234,127.434929
733.173079,248,128.32141
787.123942,280,128.518034
781.214243,244,128.689124
695.706431,216,128.840842
1133.43491,350,129.086735
919.579663,311,129.309828
787.304437,302,129.521388
586.205802,213,129.670308
770.869477,254,130.620054
599.696398,197,130.758177
287.633279,131,130.849967
459.363248,173,130.971044
859.49043,272,131.159928
904.573217,295,131.367136
451.916094,170,131.485937
1185.216355,435,131.771169
917.939703,318,132.689064
809.225409,259,132.85774
753.303465,269,133.025654
731.646323,267,133.191888
646.919673,215,133.329888
718.64871,227,133.492368
1002.107315,335,133.728972
604.681743,204,133.872845
824.43429,281,134.844372
762.619741,239,135.012255
587.695569,189,135.144694
734.625866,260,135.327273
596.473416,200,135.46707
797.752086,266,135.653552
970.827318,309,135.86894
1050.64596,345,136.091977
876.221328,279,136.989014
563.265801,200,137.119708
897.406947,293,137.304576
710.103001,234,137.451797
773.548292,257,137.613592
616.770568,189,137.732235
747.833383,252,137.890729
932.725449,306,138.082969
810.96321,252,138.955293
1067.479221,345,139.17248
944.290232,295,139.35752
856.931743,281,139.533485
777.902342,250,139.6902
831.075518,248,139.845523
149.10269,75,139.892905
811.400096,246,140.047025
841.765507,254,140.958542
988.140691,304,141.171024
762.547687,247,141.34375
576.805059,180,141.469948
585.522388,201,141.610854
452.010818,168,141.729507
1014.420488,351,141.975593
788.113139,278,142.169455
613.008285,194,142.298422
848.169524,262,143.262662
656.826391,208,143.409855
724.13849,216,143.561675
710.445135,250,143.738157
711.771335,233,143.903705
822.722609,251,144.087934
642.978155,192,144.228918
815.344474,269,144.426562
824.914793,248,144.602141
736.94002,228,145.516092
633.503485,220,145.670155
968.80826,356,145.920008
853.070415,286,146.120215
707.398867,235,146.291412
842.103813,249,146.472689
1065.339446,326,146.712654
1202.335569,403,147.774448
926.036863,292,147.978268
1112.032366,340,148.215901
947.065938,330,148.45013
1210.227716,393,148.711178
724.23905,227,148.852975
941.790204,322,149.770479
855.317077,286,149.953486
492.926446,211,150.085565
1114.945273,375,150.319461
409.206069,140,150.406875
588.636467,221,150.544842
825.031795,241,150.695052
811.445872,258,150.856053
1256.043402,458,151.851475
769.336072,231,151.995824
656.423246,209,152.126122
572.336559,184,152.241064
839.936423,266,152.407404
409.789987,141,152.49543
396.490803,140,152.583484
1063.10561,353,152.803809
616.604345,198,152.927659
1081.239697,355,153.843337
523.0307,164,153.945841
603.829127,190,154.064534
427.354723,146,154.155793
1034.516595,316,154.352859
997.829114,291,154.534233
617.023678,199,154.658283
476.722074,159,154.757616
391.892265,157,154.856294
900.293067,271,155.737697
633.774335,189,155.855696
606.117852,182,155.969608
744.13992,234,156.115353
731.150131,238,156.263909
1090.170755,341,156.477423
805.920263,255,156.636751
519.793011,178,156.747853
797.467075,254,156.90646
886.808771,276,157.887273
608.531642,183,158.016531
630.102289,239,158.185359
459.183759,161,158.29917
506.49846,158,158.410803
751.373544,241,158.586032
544.671593,166,158.70802
632.397722,187,158.843667
467.824073,152,158.950712
580.382972,171,159.071107
601.174269,192,159.973738
709.773139,219,160.128225
677.010552,201,160.269778
701.670738,219,160.423967
611.153793,194,160.554763
605.893006,176,160.667195
569.533248,169,160.774524
608.86888,188,160.892665
617.878758,185,161.008741
1216.307157,378,161.264378
711.52926,229,162.196968
576.557409,170,162.316431
930.712654,309,162.533442
166.991742,84,162.592654
771.464413,231,162.75449
683.766687,205,162.897764
757.725577,244,163.072825
145.226357,72,163.125622
630.277954,195,163.264717
426.306817,155,163.371149
748.319851,241,163.526249
666.515336,205,164.389232
330.979468,133,164.483436
647.591116,192,164.619187
741.514181,224,164.777065
895.083386,277,164.973005
635.261365,190,165.109549
677.607524,218,165.270036
453.420979,149,165.379854
675.869976,198,165.524927
846.501831,249,165.708002
600.339766,175,166.607981
684.852269,209,166.755349
678.136038,203,166.89832
615.387732,180,167.025852
306.211761,133,167.119134
874.759828,266,167.294092
379.212773,134,167.378351
724.570156,234,167.525741
748.629833,218,167.662381
716.194885,219,167.799886
1107.358067,338,168.729933
673.408362,200,168.85523
633.59556,186,168.971499
776.835865,243,169.123312
671.478112,197,169.246323
730.03802,226,169.38922
596.378648,201,169.515125
709.72917,213,169.648747
748.227937,235,169.796547
715.54785,221,170.664417
643.891487,198,170.794881
710.384433,240,170.94599
572.616342,170,171.052762
590.82629,212,171.186185
604.443055,184,171.301932
755.349444,232,171.448353
378.450288,131,171.530542
660.535214,207,171.660389
580.507768,181,171.773629
396.759723,140,171.861489
652.393169,209,172.703409
575.03267,171,172.811058
917.704446,301,173.000674
724.554444,224,173.141323
745.243647,226,173.283324
750.623334,234,173.431381
387.268322,135,173.5163
613.658981,181,173.630108
736.164878,239,173.780707
149.405638,75,173.827976
612.615046,222,174.673652
625.162113,194,174.794723
564.116842,193,174.915303
673.832343,210,175.046174
699.071712,215,175.180721
431.525708,177,175.291938
729.479958,241,175.443178
676.843809,226,175.584761
841.988176,268,175.752075
660.736267,195,175.873951
829.083229,274,176.752009
775.165257,239,176.90172
884.208622,272,177.072097
613.950594,184,177.187368
765.527086,234,177.333786
692.349106,210,177.465185
794.795328,241,177.616002
643.703304,213,177.749256
375.69316,135,177.833761
634.701084,187,178.664758
557.479772,178,178.776507
686.748992,216,178.911575
780.587374,225,179.051974
813.983416,252,179.209788
416.436057,143,179.29962
686.037017,205,179.427378
797.472663,236,179.574724
921.058558,279,179.748804
670.058964,196,180.57637
785.237954,251,180.735293
623.471139,197,180.873125
766.588968,230,181.033943
670.416525,201,181.1746
669.730276,204,181.317011
622.029314,189,181.45275
943.514093,299,181.670195
396.635097,136,181.765329
633.835023,202,181.906457
690.161292,199,182.820915
848.176192,250,182.997281
691.233338,213,183.147315
724.259928,224,183.305407
672.698991,198,183.445465
390.636454,138,183.54325
668.269211,214,183.694343
771.597619,230,183.856652
933.168655,301,184.06639
769.507572,260,184.97032
966.3995,299,185.178079
607.757278,184,185.301151
889.864091,296,185.490071
731.160073,213,185.62371
315.752545,136,185.709564
791.530101,244,185.863425
700.449206,212,185.996552
773.53419,230,186.141203
597.424265,178,186.961701
797.908254,247,187.119079
920.915603,291,187.301902
512.962708,214,187.43668
742.372523,226,187.578443
993.932143,308,187.771958
694.971835,218,187.908601
590.190232,178,188.02022
319.650704,132,188.103582
631.418274,209,188.234753
838.764323,267,189.114729
1132.649573,352,189.340596
773.210699,239,189.490869
810.871257,253,189.650181
789.572922,251,189.808252
643.44262,206,189.937418
798.448482,244,190.090985
1005.162313,308,190.993309
534.258789,188,191.112174
743.732804,226,191.253847
775.333933,279,191.429061
1059.436004,356,191.652728
1125.520677,355,191.876015
799.578736,246,192.03085
891.040545,273,192.202319
1304.056611,463,193.202734
658.661761,194,193.325651
1385.260311,500,193.640724
593.670326,178,193.753155
759.921182,227,193.896388
678.035866,204,194.024457
743.250354,218,194.161359
1034.962784,332,195.079565
852.578609,250,195.236344
745.1917,233,195.382676
1459.257366,490,195.690378
859.203038,279,195.865774
634.896881,206,195.995108
515.144684,160,196.095382
837.482345,259,196.966613
738.985186,231,197.112669
802.381373,257,197.274223
1378.994482,500,197.588496
877.123741,267,197.755742
556.474871,211,197.88836
322.630907,133,197.972215
1149.018621,342,198.186696
559.266462,169,199.006083
647.875623,199,199.131303
689.301765,210,199.26304
1535.916124,500,199.577806
710.283883,214,199.717094
758.720182,226,199.875316
683.362477,209,200.021842
955.772072,289,200.22447
1622.293453,498,201.351005
659.654855,191,201.484997
1251.620011,500,201.836732
1285.672833,398,202.127564
682.048529,200,202.272964
996.264903,317,202.498102
641.261546,206,203.352831
814.083481,299,203.540539
464.945677,176,203.651154
831.269396,243,203.803416
991.911417,310,203.997791
732.727385,220,204.135474
694.5591,215,204.270176
737.579262,219,204.407097
419.16169,162,204.509044
825.011928,256,205.376098
609.396795,221,205.515083
755.023349,231,205.659428
285.122978,118,205.733581
979.393775,295,205.917339
1008.218499,311,206.111878
978.770826,309,206.305045
686.070007,206,206.433406
1013.215167,312,207.338117
657.401593,191,207.457628
739.278894,221,207.596875
769.796203,231,207.741173
743.493949,232,207.886182
691.915846,210,208.01766
727.565538,227,208.179925
519.168575,161,208.298215
659.946314,208,208.447016
674.105908,221,209.380256
669.17097,201,209.522281
649.403955,197,209.661325
848.027903,264,209.847884
850.877639,279,210.044519
1393.290841,430,210.357252
392.33716,148,210.462323
417.95074,141,210.555908
672.206919,201,210.683017
645.343426,201,211.52412
770.380307,248,211.687752
783.820744,233,211.835827
1094.623412,324,212.040241
397.167372,139,212.127719
653.595008,200,212.253345
846.859098,255,212.414028
765.75293,242,212.566401
1088.418307,333,212.776103
519.163596,172,213.629452
632.863393,212,213.778429
1363.974598,433,214.06741
696.747482,213,214.201374
1132.920577,343,214.417369
815.619717,257,214.578938
864.051006,259,214.741611
828.464551,245,215.604859
649.157818,199,215.731511
1404.27527,458,216.018935
619.83024,195,216.141594
338.967223,132,216.224858
470.992385,161,216.33203
686.927965,216,216.484164
783.227012,244,216.655526
754.66958,237,216.821781
876.750551,274,217.786721
672.283094,209,217.93748
719.897704,221,218.0922
684.699299,213,218.241626
1056.811214,320,218.468374
1106.642134,340,218.708261
428.110374,157,218.818819
612.883542,221,218.974066
437.116288,150,219.079507
759.657404,229,220.011314
602.924174,190,220.144798
1221.929811,358,220.395806
696.953583,213,220.544656
749.678931,225,220.702174
1436.291177,448,220.988766
726.598486,224,221.12861
1056.351468,319,222.037091
434.429451,158,222.139097
860.750938,283,222.316263
869.365979,264,222.481079
704.239981,215,222.615002
504.857863,170,222.721354
1060.717174,328,222.926937
621.555157,197,223.050048
750.732308,221,223.188115
687.720033,208,224.078588
663.613938,207,224.223595
672.05293,212,224.372072
608.565006,189,224.50475
797.189443,241,224.673787
706.833706,217,224.826165
938.233687,287,225.030052
852.041457,267,225.216286
856.707738,255,225.382934
928.334615,281,226.240655
652.339731,210,226.372094
650.397849,210,226.503404
619.657074,200,226.629319
781.293065,237,226.777574
684.746125,204,226.904916
855.361968,262,227.069164
599.282072,202,227.195553
861.479921,273,227.366179
809.107928,250,228.204306
560.979421,184,228.320004
796.300857,249,228.475896
862.183972,275,228.647018
713.988376,224,228.786933
814.023195,262,228.950606
750.529779,255,229.110071
792.722461,248,229.265267
1483.466273,500,230.260487
1209.396259,385,230.501967
780.217979,233,230.64799
440.661852,162,230.749805
960.746561,325,230.953676
949.586229,302,231.142756
586.331425,182,231.256984
576.211844,197,232.064659
653.892515,202,232.191709
1484.031926,468,232.484934
1459.629777,500,232.79803
519.785841,162,232.900246
1457.585592,433,233.170712
1420.46503,500,234.168966
753.417216,244,234.322457
1004.141348,307,234.514631
1266.908945,393,234.760264
1321.132953,500,235.073997
888.100992,284,235.251615
1384.139577,500,236.268305
1323.984647,454,236.554272
1110.96293,342,236.7695
1486.862677,469,237.064782
1100.752802,369,238.00417
1567.683606,500,238.334846
1402.904147,500,238.686635
1615.243856,497,239.035191
1469.699508,500,239.386537
273.473678,119,240.210173
961.740085,305,240.400997
819.567679,249,240.556946
853.876885,250,240.713308
1540.204464,500,241.026824
1202.178729,366,241.255932
1003.235469,308,242.13017
1128.692842,332,242.337888
780.313528,230,242.481968
636.245389,188,242.599559
757.771267,224,242.739775
745.09192,223,242.878817
1351.09169,421,243.142719
1654.388145,500,244.140599
1227.312959,374,244.3857
717.717859,220,244.54065
927.825157,277,244.735346
852.951095,251,244.911899
1173.16282,355,245.161595
883.411461,263,245.346556
844.534138,249,246.300209
845.087301,250,246.477009
651.116095,208,246.623859
905.138718,261,246.807921
640.388444,201,246.94989
925.926268,286,247.156549
1235.174774,380,247.407299
1402.300707,500,248.445343
417.263968,141,248.54487
437.136494,146,248.647232
941.039855,284,248.846367
885.540007,261,249.029545
879.074085,267,249.21805
691.896763,212,249.367677
699.321398,210,249.514728
843.31714,252,249.691836
1043.141661,330,250.702933
806.283762,239,250.872016
455.796623,163,250.987035
1157.955342,348,251.231989
775.113154,242,251.405573
932.124965,285,251.606292
1567.160037,460,251.930331
1473.679763,440,253.010442
1241.419811,377,253.275637
1485.960038,468,253.604328
642.690637,209,253.751278
1140.539588,353,253.998857
1443.031195,440,255.001791
674.099587,209,255.142179
720.473684,220,255.284743
403.160996,154,255.381576
667.631685,223,255.52161
637.670752,199,255.646121
922.324453,304,255.836135
1402.716599,420,256.098833
1533.304407,467,257.10128
1074.955119,390,257.346512
1087.690327,336,257.562717
813.033021,282,257.74912
612.414042,193,257.877313
1392.565232,500,258.208061
651.758378,203,259.066405
631.513364,192,259.202313
693.80449,215,259.353553
679.883737,211,259.502312
643.434005,236,259.674131
1154.625588,349,259.940235
655.456955,203,260.097983
803.859887,247,260.29027
999.091969,299,260.522432
482.158189,179,261.417823
755.743201,222,261.574568
691.306548,217,261.72769
960.450148,292,261.926611
681.646907,203,262.054581
446.392516,158,262.153944
903.435431,269,262.322396
1050.093643,318,262.521912
1088.285999,314,263.427987
728.207184,221,263.567065
1324.615364,500,263.880411
897.549691,269,264.048784
831.706852,263,264.213368
692.4416,205,264.341529
1398.86317,422,264.605377
864.935583,260,265.474284
1589.807508,477,265.77132
1297.086017,500,266.08399
663.130677,214,266.218004
1188.582201,500,266.530563
659.386996,206,267.365218
980.469729,287,267.545777
1297.820433,500,267.858707
665.095192,219,267.996047
767.454936,303,268.185903
637.254854,196,268.308521
1413.351272,500,268.623256
814.460419,241,269.482402
1162.617374,381,269.749341
1447.115374,442,270.058544
747.102992,230,270.221698
815.835941,243,270.398625
1513.01998,500,270.750055
428.28805,143,271.625325
704.049025,215,271.778083
782.039895,232,271.942472
624.576375,191,272.078328
1519.770458,500,272.440419
680.051599,203,272.590899
981.661443,294,272.804426
615.599609,202,272.942171
1467.494873,500,274.004315
752.686439,228,274.164083
691.801212,214,274.322146
965.718285,286,274.533803
1381.146346,431,274.855242
948.117044,281,275.062864
604.827827,194,275.206641
851.435096,252,276.157263
792.912285,235,276.322124
988.454684,305,276.537788
1550.33152,500,276.901431
1373.602251,414,277.170057
784.707696,242,277.321703
975.135351,284,278.216329
1239.765143,369,278.450631
986.609325,304,278.641336
1442.567555,471,278.936595
564.565474,208,279.067209
932.21175,294,279.251537
958.588208,291,280.144133
1194.898869,395,280.392319
1476.804816,500,280.705399
969.082331,294,280.889683
924.440317,278,281.063996
710.160238,219,281.200733
1477.208769,464,282.29046
1458.545726,500,282.64164
774.574642,227,282.801221
1065.433012,319,283.031008
852.757742,257,283.21974
1232.536778,395,283.500971
1030.526953,315,284.488741
1127.539919,366,284.745471
649.171259,213,284.894507
1518.06768,500,285.244404
1259.581716,381,285.510349
1362.851593,463,285.83351
956.454793,283,286.804889
985.742276,296,287.012734
1331.65886,407,287.292974
1446.507143,500,287.607826
944.549609,287,287.786894
907.750072,267,287.95311
707.440314,215,288.797552
213.87431,95,288.857541
851.252859,248,289.012687
1180.764791,366,289.240929
653.572503,212,289.373696
474.242107,170,289.48022
1120.853452,344,289.694708
1195.663,362,289.920585
949.018492,298,290.814317
876.937803,265,290.979834
704.97168,216,291.114426
673.275368,209,291.244781
740.65942,234,291.391227
1581.67136,500,291.704386
422.865687,156,291.802291
1559.281141,500,292.822084
1115.501139,340,293.034907
1239.441082,406,293.288594
1544.702334,500,293.601309
1607.008396,500,293.913704
930.248505,271,294.791829
1213.20672,381,295.02955
1510.58711,500,295.342504
1073.260304,318,295.540937
1394.008781,500,295.85331
648.227707,200,296.686289
740.90598,223,296.826198
678.721601,205,296.954351
1005.585987,303,297.143704
1386.841707,416,297.404417
1261.013181,372,297.636848
906.569595,306,297.828337
536.156535,170,298.671817
954.081087,287,298.874692
1547.247832,500,299.22769
1298.272947,452,299.552074
1547.655708,500,299.907551
1319.442525,391,300.948087
1240.766226,361,301.200636
1153.471116,379,301.466131
1089.652165,362,301.719558
1358.812561,418,302.012338
658.880581,212,302.160984
820.906071,247,303.109815
683.782366,205,303.253715
1216.88461,367,303.512494
839.88602,246,303.675092
736.635131,221,303.815398
1591.019639,500,304.128658
843.170076,249,304.285231
925.226372,283,305.155501
688.513081,216,305.290834
1407.048674,500,305.605216
1445.297933,429,305.875032
680.272738,208,306.005642
697.669006,214,306.140072
1050.510195,319,306.340073
657.160759,206,307.1714
1152.307982,341,307.384785
854.265762,247,307.546254
1225.870742,378,307.782762
1166.552665,349,308.0015
873.264266,264,308.166916
1553.619043,500,309.18734
856.984812,261,309.351519
1499.332966,500,309.66507
749.042277,269,309.833938
1283.178462,381,310.072469
955.663051,317,310.27115
1501.915024,500,311.292087
1429.222588,427,311.559518
950.557624,285,311.737915
292.945231,115,311.810228
755.659031,227,311.952491
1480.194598,500,312.266496
1474.204238,500,313.289676
751.182881,224,313.431556
672.609802,206,313.560813
1063.835195,319,313.760219
1455.893443,500,314.07452
1421.720761,500,315.096578
861.064945,261,315.261606
922.722044,273,315.433106
1428.873056,419,315.695555
868.375246,258,315.857224
1614.087447,493,316.166703
1559.918025,500,317.188391
964.636053,280,317.363869
1484.600707,500,317.676712
1101.686038,370,317.907416
1436.458068,500,318.220082
1365.308719,395,319.174767
1441.158942,500,319.488794
700.743776,212,319.621383
660.854687,199,319.745683
1598.424401,471,320.040664
521.854375,174,320.149869
1212.169586,360,321.148816
773.432067,228,321.308597
1290.665356,411,321.597888
965.237009,314,321.818262
1457.339225,458,322.151652
821.155963,239,322.326098
1462.721365,450,323.400611
801.048612,239,323.568331
885.795841,261,323.75125
634.882149,197,323.890163
829.711817,242,324.059541
1108.249393,356,324.311108
1603.354496,467,324.639183
924.249654,266,325.592344
945.605528,289,325.795141
1262.566717,374,326.046524
1163.695638,341,326.259897
1007.094343,298,326.446221
849.678179,250,326.602668
932.608034,268,326.770142
1288.515459,385,327.691582
835.443683,250,327.847917
754.712307,225,327.988501
1011.322876,308,328.18098
993.980628,290,328.36262
922.31524,270,328.531782
1434.313347,455,329.498971
1399.351557,500,329.812737
380.213413,144,329.903607
1417.230061,500,330.218765
1046.491036,350,330.438936
394.26385,137,330.52552
1145.446976,345,330.742634
999.350806,338,331.655664
975.159301,300,331.842883
1250.732154,425,332.109596
1356.939673,500,332.423783
1479.740944,500,332.737408
1097.489692,368,333.675529
885.673606,252,333.833466
1173.959073,345,334.04908
910.733095,304,334.239363
891.105047,319,334.439101
1443.230364,500,334.752256
1589.388114,500,335.771933
1210.4621,368,336.002186
1450.803541,438,336.276204
1361.198289,451,336.5582
798.283697,230,336.701812
719.343481,220,337.545395
949.358532,291,337.727538
1416.169357,426,337.994256
1447.068206,500,338.307522
917.025652,268,338.476112
1169.197295,361,338.702018
730.309663,270,339.579242
815.751658,241,339.730246
822.379402,240,339.880423
1601.749912,500,340.193822
1415.238637,500,340.507003
1537.607633,500,341.592432
1288.524533,378,341.857602
1478.117597,500,342.208788
984.636811,298,342.422574
1436.635672,500,342.773544
1538.456796,500,343.896815
1374.49756,406,344.182008
767.001755,231,344.339636
693.715536,214,344.476699
889.308994,258,344.638445
1142.850869,338,344.850247
1376.951639,437,345.83528
1275.102229,380,346.073497
1595.225133,500,346.385973
1623.46935,494,346.694773
1460.135385,500,347.007317
1098.325773,316,347.913618
1419.373363,421,348.176973
1253.910444,386,348.425852
1680.838851,500,348.75624
1318.840081,392,349.014365
941.573812,272,349.896199
1275.914083,395,350.143703
1266.707905,386,350.385242
1101.632833,336,350.595586
1567.54575,463,350.88521
1239.438038,372,351.845113
935.561431,274,352.038588
1216.667795,361,352.29307
918.271833,271,352.484063
862.603564,255,352.667062
1590.757024,500,353.03313
1237.26527,367,353.992972
1652.95274,500,354.307084
1538.913027,500,354.620414
968.238037,276,354.793193
1256.328438,370,355.024623
1131.048785,348,355.925092
1046.933873,308,356.117474
865.408982,275,356.289697
1562.46781,470,356.583395
1125.666361,328,356.788076
951.601431,273,356.958943
956.978115,275,357.13106
1248.920342,367,358.140756
883.357069,256,358.320312
1123.311195,328,358.550096
1112.942821,331,358.784213
965.275135,283,358.986982
1590.605225,500,359.336828
1529.702285,500,360.458781
923.603448,265,360.644577
1155.740582,335,360.871487
715.200061,221,361.011042
671.848207,207,361.140212
966.593427,283,361.317074
749.855661,225,361.45741
858.808258,250,362.323016
1529.095319,500,362.636621
1543.291051,500,362.949332
1539.952214,500,363.261941
670.910998,207,363.391932
1550.757705,500,364.41244
1454.682297,441,364.688592
882.20756,256,364.84857
667.624032,204,364.975796
1656.156053,500,365.288012
673.069314,205,365.416404
697.352666,216,366.258507
1301.633204,382,366.497512
922.746937,264,366.662186
726.291608,218,366.798157
1498.266487,432,367.067806
1075.67754,365,367.295511
696.823917,206,367.423525
1346.176895,396,368.383391
913.848811,306,368.58547
936.610655,274,368.76586
637.564578,192,368.892723
928.747651,277,369.075154
653.837586,197,369.204937
957.714749,298,369.401009
1004.592592,310,370.308904
676.822125,208,370.439247
1254.444006,379,370.675685
1263.727968,383,370.914477
707.594012,215,371.048493
1357.437751,397,371.295861
898.084265,265,371.461793
1276.296966,374,372.407435
1480.118174,500,372.720397
1259.550931,377,372.954774
1545.285887,468,373.246342
593.138531,196,373.368885
1534.354631,500,374.391284
1302.226799,419,374.655177
819.199068,237,374.80442
696.736532,210,374.937016
1562.588584,500,375.252393
1582.817534,500,376.273454
1194.1433,364,376.500517
1012.100138,346,376.71627
1396.424299,449,376.995574
1550.510523,500,377.356663
887.036741,263,377.548414
725.266146,212,378.465739
1553.986793,500,378.817051
1482.241466,500,379.142356
1262.923911,394,379.388166
1329.804162,408,379.642749
847.379427,260,380.487451
879.770264,275,380.658885
844.968712,244,380.811419
829.509576,245,380.964025
942.501978,282,381.139926
1061.944414,337,381.351032
1139.020136,338,381.561741
1156.36875,333,382.476556
1383.985962,431,382.747024
953.816144,288,382.927387
939.359619,276,383.100733
1180.344615,380,383.367581
1074.975469,332,383.600062
1306.287785,395,384.641082
1045.985944,300,384.850571
1589.370975,500,385.185876
1260.226427,381,385.423827
980.175916,298,385.628708
1052.183663,303,385.840819
1462.444696,500,386.967136
1527.537262,500,387.316827
1488.547393,500,387.669076
1427.372798,500,388.00398
1104.634513,326,388.997389
682.443585,226,389.155475
803.250255,235,389.319756
730.368008,221,389.471521
1415.626479,500,389.789178
718.889423,206,389.917402
1431.47096,500,390.945611
1245.253757,365,391.175825
1685.479603,500,391.487256
1460.001223,500,391.799299
842.436114,246,391.952806
811.785215,238,392.101081
1402.43508,500,393.131912
812.957389,238,393.281586
1513.862326,500,393.634367
815.780857,247,393.814066
1646.086386,500,394.175992
1593.68622,474,395.281306
1482.409684,433,395.582984
973.690518,283,395.78007
1517.527395,438,396.086188
1564.129555,500,396.428344
1562.517549,500,397.487493
1567.476892,500,397.804415
828.703688,242,397.955704
1117.363915,329,398.161254
882.253752,253,398.319431
1017.229793,346,399.246229
1117.116439,361,399.472814
690.70674,217,399.608406
1417.534698,500,399.921112
982.21009,284,400.098492
1009.533839,295,400.282207
1410.844551,428,401.344763
1116.296388,326,401.574555
985.487384,295,401.782243
1618.136761,474,402.115675
978.297576,283,402.31534
1592.048947,490,402.663304
1518.335098,500,403.783942
863.685738,254,403.961999
1548.520726,500,404.313762
1566.87547,469,404.642722
1492.741622,437,405.723176
978.370622,282,405.91985
691.894908,211,406.067219
701.236491,213,406.215972
984.728942,287,406.416086
987.331404,292,406.622828
933.24459,279,406.815014
845.900068,251,406.975862
1032.322324,309,407.940227
1438.406382,500,408.291248
936.149303,282,408.486036
1062.58587,308,408.681249
1513.19558,500,408.993347
1548.165614,500,410.020397
880.569205,261,410.185218
1497.25813,470,410.485011
894.761735,259,410.655416
1304.514075,384,410.907712
1045.367953,302,411.105745
1471.321735,500,412.236799
1544.842547,454,412.554913
1452.975284,500,412.905177
960.069722,284,413.104532
945.886748,275,413.297513
825.056982,242,413.484563
1528.104264,500,414.608504
1246.843285,371,414.864848
1484.529009,500,415.181776
1408.148287,414,415.440753
1436.005575,427,416.417511
1517.322917,470,416.712209
686.444449,212,416.844937
599.677427,179,416.957536
1351.353557,500,417.272024
695.645388,212,417.404948
699.871196,211,417.536787
908.609251,264,418.413785
819.845584,238,418.563506
600.093029,184,418.679373
927.534769,271,418.849844
1132.574553,336,419.06113
1443.312638,500,419.375895
1638.945438,500,420.398823
1645.962773,500,420.713583
1484.007487,500,421.029115
1000.734905,290,421.211675
705.953069,220,421.350279
988.740745,293,421.534482
1127.752776,331,422.451992
885.333945,256,422.612584
976.119119,294,422.796265
1422.630809,405,423.049694
843.498855,248,423.205243
816.534477,235,423.362725
794.280326,232,423.525281
953.887159,288,424.504789
951.778405,271,424.694884
1482.707163,500,425.044538
972.192416,289,425.24093
1586.580247,500,425.554983
1444.650295,500,426.562568
1571.779081,462,426.850557
905.484067,263,427.015182
1501.317079,438,427.288607
977.127271,281,427.464296
701.362265,212,427.59667
651.347097,193,427.717445
983.894383,286,428.634886
887.206114,255,428.815284
952.398111,273,429.007678
1020.555038,299,429.217907
676.735176,207,429.363515
711.92565,209,429.510538
886.025295,253,429.688713
1099.879956,313,429.90879
1274.557611,376,430.949167
1465.556441,421,431.245558
1140.744264,335,431.473942
1001.81077,290,431.656875
868.433808,250,431.814088
1269.895527,365,432.043519
1021.64202,301,432.943242
1524.807828,500,433.257355
874.556323,253,433.416431
1471.355105,500,433.729881
1004.139037,343,433.944771
1185.835979,340,434.864681
1560.365422,473,435.160902
1371.471952,398,435.409288
1510.848792,500,435.721911
1503.725382,500,436.03435
1134.488764,331,436.948027
1027.046019,309,437.140987
1056.793119,331,437.347824
1482.54545,500,437.661067
1642.449445,479,437.959697
811.232043,235,438.813525
960.385132,277,438.988319
829.058366,271,439.159009
1580.228891,500,439.473458
981.490275,282,439.650404
762.726789,227,439.792667
925.275833,270,439.962232
843.745098,246,440.82468
966.308474,279,440.999823
1202.06452,356,441.223226
886.399246,256,441.384411
1050.240795,307,441.576993
1110.285518,362,441.803964
1632.57791,500,442.913123
554.163568,189,443.04621
955.031624,291,443.249826
505.841691,181,443.378326
806.717591,234,443.541964
858.226746,275,443.737246
1444.955994,500,444.088739
1498.874804,500,445.218879
670.88831,242,445.389772
918.420022,278,445.584336
1505.804973,500,445.928853
419.535761,153,446.026793
1050.492537,304,446.216385
964.237658,313,446.411855
962.983034,285,447.344795
1529.080009,500,447.697843
1462.286132,500,448.056774
1411.432158,500,448.425581
1013.97707,296,449.414608
899.401411,304,449.628887
1646.165415,500,449.979238
1270.09718,370,450.219598
1266.196659,382,450.45852
1509.915844,448,450.738541
1655.455023,500,451.856633
1215.732255,358,452.101766
1502.13308,500,452.416833
51.904983,33,452.437941
59.102927,37,452.46132
1212.255758,401,452.712598
1617.125284,500,453.738975
774.070479,231,453.885565
1535.037505,500,454.197422
1514.394311,500,454.509688
1511.53857,500,454.820883
1478.270199,446,455.809537
1529.745945,461,456.098942
1065.030941,324,456.302319
1008.226422,299,456.489937
931.960867,272,456.660769
1521.152482,500,457.683586
1011.295024,294,457.868329
1551.050142,490,458.176398
1667.918209,495,458.487541
870.075519,248,458.643657
1684.146114,487,459.658583
675.528814,202,459.78547
948.828942,276,459.958834
1574.712521,477,460.257446
1579.207328,500,460.570924
445.457156,166,460.675511
1489.083031,500,461.69887
1113.224295,319,461.898767
911.689658,269,462.06758
1493.892804,500,462.381204
816.076783,238,462.530316
816.112415,236,462.677783
1451.788244,441,463.669744
1256.779335,373,463.904491
1039.419935,301,464.092611
1540.394578,500,464.407812
1591.991985,500,464.721689
633.654822,190,465.630017
862.505746,252,465.806031
1541.154427,500,466.155557
1264.389004,381,466.423447
1577.216296,464,466.747107
1262.721451,377,467.010201
1379.28954,401,468.069675
1554.782002,500,468.420437
1004.491862,297,468.628026
1475.278766,454,468.941682
963.771904,280,469.118576
1050.999916,309,469.994168
900.616713,274,470.164615
953.511358,274,470.335854
1250.017313,389,470.578456
635.143191,191,470.697805
1433.456609,414,470.95498
1697.594572,500,472.047352
1150.250131,329,472.27832
984.798445,293,472.483887
912.196871,264,472.669128
1002.706593,294,472.875133
708.253392,229,473.036037
1614.721516,500,473.388349
959.345157,287,474.361599
1629.733853,500,474.709859
995.691303,289,474.911399
919.956075,266,475.102053
973.86734,279,475.296543
751.462435,225,475.4541
863.458994,250,476.383262
1465.894261,500,476.733304
920.856006,270,476.91368
891.399362,254,477.073434
981.478952,286,477.252686
968.537484,280,477.42783
1469.097988,500,478.468621
1325.97605,398,478.746503
1006.859118,289,478.947961
945.461811,268,479.135007
1116.699013,324,479.367301
687.433048,210,479.516246
779.504169,236,479.68139
865.302774,261,480.639374
1552.767669,500,480.99142
1564.47691,500,481.335969
926.501181,270,481.506994
1590.639576,500,481.819175
944.07548,268,482.696705
890.131951,253,482.857509
998.464782,288,483.037728
940.05854,299,483.224604
655.880213,196,483.347919
997.963566,287,483.527854
837.36221,237,483.676351
948.082005,274,483.847948
465.135708,150,483.942105
925.077481,264,484.813363
989.545088,284,484.990296
1024.936435,318,485.188642
872.338014,252,485.345682
1417.303333,411,485.601345
1610.664454,500,485.912743
875.305585,253,486.776974
1391.404157,396,487.023975
982.814306,283,487.200881
1540.076037,457,487.485448
1142.899974,328,487.690415
954.86677,271,487.860104
1513.428393,440,488.907801
1522.369239,439,489.213153
1534.425112,500,489.565587
626.867197,193,489.703735
1445.887498,500,490.052393
817.957762,276,491.019307
698.166363,214,491.168548
1113.550617,329,491.39743
553.363515,169,491.515882
1576.728161,500,491.857997
1307.182935,438,492.132259
1602.243097,500,493.16149
967.335249,274,493.333147
1121.789504,321,493.53256
955.358859,309,493.724539
692.13657,211,493.856326
939.688225,278,494.029806
1229.920084,350,494.247471
660.001061,225,495.097477
253.581105,111,495.167067
1178.563669,336,495.376007
1482.828814,500,495.68766
1287.166655,383,495.925272
1114.505173,325,496.126759
990.781445,284,497.012158
848.0665,242,497.163297
830.154982,244,497.315262
992.375686,287,497.49411
1723.293421,500,497.854701
980.134681,285,498.055338
1518.0805,500,499.191416
1534.073365,500,499.544074
990.240922,294,499.750576
1602.481949,500,500.100534
531.452134,170,500.220431
993.897164,284,500.414331
1503.411403,500,501.417334
1497.498656,500,501.735406
1452.812792,500,502.074062
1016.006672,303,502.276045
1149.228378,344,502.505761
1113.62142,330,503.434458
951.266399,283,503.616011
1467.887228,500,503.933341
981.898687,286,504.112634
1009.589225,299,504.301372
1444.830667,426,504.568154
1412.002407,406,505.643742
1687.424227,500,505.99302
687.448344,213,506.141995
1516.5323,446,506.428237
1528.591341,452,506.708909
1179.48131,342,513.894984
1286.935085,376,514.922078
1208.159453,350,515.888096
1231.328857,357,516.881244
1217.322889,353,517.85359
1135.469086,329,518.777621
1200.257556,349,519.777851
1250.110834,363,520.791706
1155.77119,335,521.722377
1188.786085,345,522.681466
1247.898129,362,523.694298
1205.353647,349,524.660469
